feature_path,label_text,num_frames,split
outputs/wlasl_features/features/train_accident_00623.npz,accident,96,train
outputs/wlasl_features/features/train_accident_00624.npz,accident,96,train
outputs/wlasl_features/features/train_accident_00628.npz,accident,35,train
outputs/wlasl_features/features/train_accident_00629.npz,accident,96,train
outputs/wlasl_features/features/train_accident_00631.npz,accident,75,train
outputs/wlasl_features/features/train_accident_00632.npz,accident,55,train
outputs/wlasl_features/features/train_accident_00633.npz,accident,25,train
outputs/wlasl_features/features/train_accident_00639.npz,accident,96,train
outputs/wlasl_features/features/train_accident_65009.npz,accident,56,train
outputs/wlasl_features/features/train_apple_03000.npz,apple,96,train
outputs/wlasl_features/features/train_apple_03001.npz,apple,91,train
outputs/wlasl_features/features/train_apple_03002.npz,apple,66,train
outputs/wlasl_features/features/train_apple_03003.npz,apple,96,train
outputs/wlasl_features/features/train_apple_03005.npz,apple,44,train
outputs/wlasl_features/features/train_apple_03008.npz,apple,88,train
outputs/wlasl_features/features/train_apple_65084.npz,apple,62,train
outputs/wlasl_features/features/train_apple_65085.npz,apple,70,train
outputs/wlasl_features/features/train_appointment_03055.npz,appointment,96,train
outputs/wlasl_features/features/train_appointment_03056.npz,appointment,96,train
outputs/wlasl_features/features/train_appointment_03057.npz,appointment,96,train
outputs/wlasl_features/features/train_appointment_03059.npz,appointment,96,train
outputs/wlasl_features/features/train_appointment_03062.npz,appointment,42,train
outputs/wlasl_features/features/train_appointment_03063.npz,appointment,93,train
outputs/wlasl_features/features/train_appointment_65087.npz,appointment,46,train
outputs/wlasl_features/features/train_argue_03267.npz,argue,87,train
outputs/wlasl_features/features/train_argue_03268.npz,argue,96,train
outputs/wlasl_features/features/train_argue_03270.npz,argue,77,train
outputs/wlasl_features/features/train_argue_03273.npz,argue,38,train
outputs/wlasl_features/features/train_argue_03274.npz,argue,96,train
outputs/wlasl_features/features/train_argue_03277.npz,argue,52,train
outputs/wlasl_features/features/train_argue_03282.npz,argue,81,train
outputs/wlasl_features/features/train_argue_65092.npz,argue,63,train
outputs/wlasl_features/features/train_bad_04708.npz,bad,71,train
outputs/wlasl_features/features/train_bad_04709.npz,bad,66,train
outputs/wlasl_features/features/train_bad_04712.npz,bad,20,train
outputs/wlasl_features/features/train_bad_04713.npz,bad,79,train
outputs/wlasl_features/features/train_bad_04718.npz,bad,39,train
outputs/wlasl_features/features/train_bad_04723.npz,bad,86,train
outputs/wlasl_features/features/train_bad_65125.npz,bad,55,train
outputs/wlasl_features/features/train_balance_04795.npz,balance,96,train
outputs/wlasl_features/features/train_balance_04797.npz,balance,44,train
outputs/wlasl_features/features/train_balance_04798.npz,balance,35,train
outputs/wlasl_features/features/train_balance_04799.npz,balance,96,train
outputs/wlasl_features/features/train_balance_04801.npz,balance,67,train
outputs/wlasl_features/features/train_balance_04803.npz,balance,61,train
outputs/wlasl_features/features/train_balance_65129.npz,balance,94,train
outputs/wlasl_features/features/train_bar_05087.npz,bar,44,train
outputs/wlasl_features/features/train_bar_05090.npz,bar,81,train
outputs/wlasl_features/features/train_bar_05095.npz,bar,84,train
outputs/wlasl_features/features/train_bar_05097.npz,bar,29,train
outputs/wlasl_features/features/train_bar_05098.npz,bar,28,train
outputs/wlasl_features/features/train_bar_05103.npz,bar,96,train
outputs/wlasl_features/features/train_basketball_05229.npz,basketball,72,train
outputs/wlasl_features/features/train_basketball_05230.npz,basketball,96,train
outputs/wlasl_features/features/train_basketball_05231.npz,basketball,33,train
outputs/wlasl_features/features/train_basketball_05233.npz,basketball,96,train
outputs/wlasl_features/features/train_basketball_05234.npz,basketball,94,train
outputs/wlasl_features/features/train_basketball_05238.npz,basketball,41,train
outputs/wlasl_features/features/train_basketball_05243.npz,basketball,80,train
outputs/wlasl_features/features/train_basketball_65144.npz,basketball,53,train
outputs/wlasl_features/features/train_basketball_65145.npz,basketball,47,train
outputs/wlasl_features/features/train_because_05596.npz,because,94,train
outputs/wlasl_features/features/train_because_05598.npz,because,32,train
outputs/wlasl_features/features/train_because_05599.npz,because,33,train
outputs/wlasl_features/features/train_because_05601.npz,because,96,train
outputs/wlasl_features/features/train_because_05609.npz,because,96,train
outputs/wlasl_features/features/train_because_65158.npz,because,59,train
outputs/wlasl_features/features/train_because_65159.npz,because,62,train
outputs/wlasl_features/features/train_bed_05629.npz,bed,69,train
outputs/wlasl_features/features/train_bed_05630.npz,bed,87,train
outputs/wlasl_features/features/train_bed_05631.npz,bed,24,train
outputs/wlasl_features/features/train_bed_05632.npz,bed,33,train
outputs/wlasl_features/features/train_bed_05633.npz,bed,27,train
outputs/wlasl_features/features/train_bed_05634.npz,bed,96,train
outputs/wlasl_features/features/train_bed_05636.npz,bed,66,train
outputs/wlasl_features/features/train_bed_05637.npz,bed,50,train
outputs/wlasl_features/features/train_bed_05638.npz,bed,36,train
outputs/wlasl_features/features/train_bed_05644.npz,bed,84,train
outputs/wlasl_features/features/train_bed_65161.npz,bed,58,train
outputs/wlasl_features/features/train_bed_65162.npz,bed,53,train
outputs/wlasl_features/features/train_before_05728.npz,before,26,train
outputs/wlasl_features/features/train_before_05729.npz,before,52,train
outputs/wlasl_features/features/train_before_05730.npz,before,31,train
outputs/wlasl_features/features/train_before_05731.npz,before,45,train
outputs/wlasl_features/features/train_before_05732.npz,before,86,train
outputs/wlasl_features/features/train_before_05733.npz,before,96,train
outputs/wlasl_features/features/train_before_05734.npz,before,81,train
outputs/wlasl_features/features/train_before_05740.npz,before,48,train
outputs/wlasl_features/features/train_before_05742.npz,before,28,train
outputs/wlasl_features/features/train_before_05743.npz,before,47,train
outputs/wlasl_features/features/train_before_05749.npz,before,90,train
outputs/wlasl_features/features/train_before_65167.npz,before,58,train
outputs/wlasl_features/features/train_bird_06331.npz,bird,63,train
outputs/wlasl_features/features/train_bird_06332.npz,bird,91,train
outputs/wlasl_features/features/train_bird_06333.npz,bird,36,train
outputs/wlasl_features/features/train_bird_06334.npz,bird,19,train
outputs/wlasl_features/features/train_bird_06337.npz,bird,64,train
outputs/wlasl_features/features/train_bird_06343.npz,bird,82,train
outputs/wlasl_features/features/train_bird_65187.npz,bird,66,train
outputs/wlasl_features/features/train_black_06471.npz,black,77,train
outputs/wlasl_features/features/train_black_06472.npz,black,91,train
outputs/wlasl_features/features/train_black_06473.npz,black,56,train
outputs/wlasl_features/features/train_black_06474.npz,black,80,train
outputs/wlasl_features/features/train_black_06477.npz,black,23,train
outputs/wlasl_features/features/train_black_06478.npz,black,44,train
outputs/wlasl_features/features/train_black_06486.npz,black,96,train
outputs/wlasl_features/features/train_black_65200.npz,black,47,train
outputs/wlasl_features/features/train_blanket_06551.npz,blanket,76,train
outputs/wlasl_features/features/train_blanket_06552.npz,blanket,25,train
outputs/wlasl_features/features/train_blanket_06554.npz,blanket,33,train
outputs/wlasl_features/features/train_blanket_06555.npz,blanket,96,train
outputs/wlasl_features/features/train_blanket_06559.npz,blanket,48,train
outputs/wlasl_features/features/train_blanket_06563.npz,blanket,94,train
outputs/wlasl_features/features/train_blanket_65205.npz,blanket,54,train
outputs/wlasl_features/features/train_bowling_07389.npz,bowling,82,train
outputs/wlasl_features/features/train_bowling_07390.npz,bowling,28,train
outputs/wlasl_features/features/train_bowling_07391.npz,bowling,26,train
outputs/wlasl_features/features/train_bowling_07392.npz,bowling,30,train
outputs/wlasl_features/features/train_bowling_07393.npz,bowling,61,train
outputs/wlasl_features/features/train_bowling_07394.npz,bowling,96,train
outputs/wlasl_features/features/train_bowling_07397.npz,bowling,51,train
outputs/wlasl_features/features/train_bowling_07399.npz,bowling,65,train
outputs/wlasl_features/features/train_bowling_65241.npz,bowling,61,train
outputs/wlasl_features/features/train_bowling_65242.npz,bowling,90,train
outputs/wlasl_features/features/train_brother_07932.npz,brother,81,train
outputs/wlasl_features/features/train_brother_07933.npz,brother,80,train
outputs/wlasl_features/features/train_brother_07934.npz,brother,61,train
outputs/wlasl_features/features/train_brother_07935.npz,brother,46,train
outputs/wlasl_features/features/train_brother_07936.npz,brother,48,train
outputs/wlasl_features/features/train_brother_07937.npz,brother,66,train
outputs/wlasl_features/features/train_brother_07940.npz,brother,30,train
outputs/wlasl_features/features/train_brother_07943.npz,brother,87,train
outputs/wlasl_features/features/train_brother_65262.npz,brother,71,train
outputs/wlasl_features/features/train_call_08689.npz,call,35,train
outputs/wlasl_features/features/train_call_08690.npz,call,31,train
outputs/wlasl_features/features/train_call_08691.npz,call,96,train
outputs/wlasl_features/features/train_call_08692.npz,call,61,train
outputs/wlasl_features/features/train_call_08702.npz,call,30,train
outputs/wlasl_features/features/train_call_08713.npz,call,88,train
outputs/wlasl_features/features/train_call_65290.npz,call,56,train
outputs/wlasl_features/features/train_call_65556.npz,call,50,train
outputs/wlasl_features/features/train_candy_08916.npz,candy,88,train
outputs/wlasl_features/features/train_candy_08917.npz,candy,32,train
outputs/wlasl_features/features/train_candy_08919.npz,candy,86,train
outputs/wlasl_features/features/train_candy_08920.npz,candy,75,train
outputs/wlasl_features/features/train_candy_08921.npz,candy,58,train
outputs/wlasl_features/features/train_candy_08924.npz,candy,28,train
outputs/wlasl_features/features/train_candy_65298.npz,candy,59,train
outputs/wlasl_features/features/train_candy_65299.npz,candy,62,train
outputs/wlasl_features/features/train_champion_09918.npz,champion,28,train
outputs/wlasl_features/features/train_champion_09919.npz,champion,37,train
outputs/wlasl_features/features/train_champion_09920.npz,champion,31,train
outputs/wlasl_features/features/train_champion_09921.npz,champion,35,train
outputs/wlasl_features/features/train_champion_09924.npz,champion,48,train
outputs/wlasl_features/features/train_champion_09926.npz,champion,84,train
outputs/wlasl_features/features/train_champion_65330.npz,champion,60,train
outputs/wlasl_features/features/train_change_09949.npz,change,76,train
outputs/wlasl_features/features/train_change_09953.npz,change,88,train
outputs/wlasl_features/features/train_change_09954.npz,change,31,train
outputs/wlasl_features/features/train_change_09956.npz,change,29,train
outputs/wlasl_features/features/train_change_09960.npz,change,96,train
outputs/wlasl_features/features/train_change_09963.npz,change,51,train
outputs/wlasl_features/features/train_change_09966.npz,change,72,train
outputs/wlasl_features/features/train_change_09967.npz,change,45,train
outputs/wlasl_features/features/train_change_09970.npz,change,84,train
outputs/wlasl_features/features/train_cheat_10147.npz,cheat,72,train
outputs/wlasl_features/features/train_cheat_10148.npz,cheat,33,train
outputs/wlasl_features/features/train_cheat_10149.npz,cheat,41,train
outputs/wlasl_features/features/train_cheat_10157.npz,cheat,53,train
outputs/wlasl_features/features/train_cheat_10158.npz,cheat,41,train
outputs/wlasl_features/features/train_cheat_10166.npz,cheat,94,train
outputs/wlasl_features/features/train_check_10183.npz,check,71,train
outputs/wlasl_features/features/train_check_10184.npz,check,91,train
outputs/wlasl_features/features/train_check_10185.npz,check,44,train
outputs/wlasl_features/features/train_check_10187.npz,check,95,train
outputs/wlasl_features/features/train_check_10190.npz,check,61,train
outputs/wlasl_features/features/train_check_10197.npz,check,96,train
outputs/wlasl_features/features/train_check_10199.npz,check,82,train
outputs/wlasl_features/features/train_check_65343.npz,check,75,train
outputs/wlasl_features/features/train_cold_11621.npz,cold,58,train
outputs/wlasl_features/features/train_cold_11622.npz,cold,75,train
outputs/wlasl_features/features/train_cold_11623.npz,cold,72,train
outputs/wlasl_features/features/train_cold_11624.npz,cold,30,train
outputs/wlasl_features/features/train_cold_11627.npz,cold,43,train
outputs/wlasl_features/features/train_cold_11633.npz,cold,68,train
outputs/wlasl_features/features/train_cold_11635.npz,cold,31,train
outputs/wlasl_features/features/train_computer_12311.npz,computer,72,train
outputs/wlasl_features/features/train_computer_12313.npz,computer,81,train
outputs/wlasl_features/features/train_computer_12314.npz,computer,43,train
outputs/wlasl_features/features/train_computer_12316.npz,computer,43,train
outputs/wlasl_features/features/train_computer_12317.npz,computer,53,train
outputs/wlasl_features/features/train_computer_12318.npz,computer,45,train
outputs/wlasl_features/features/train_computer_12319.npz,computer,40,train
outputs/wlasl_features/features/train_computer_12327.npz,computer,46,train
outputs/wlasl_features/features/train_computer_12328.npz,computer,88,train
outputs/wlasl_features/features/train_computer_12338.npz,computer,96,train
outputs/wlasl_features/features/train_convince_13134.npz,convince,72,train
outputs/wlasl_features/features/train_convince_13136.npz,convince,34,train
outputs/wlasl_features/features/train_convince_13137.npz,convince,36,train
outputs/wlasl_features/features/train_convince_13138.npz,convince,77,train
outputs/wlasl_features/features/train_convince_13143.npz,convince,50,train
outputs/wlasl_features/features/train_convince_13144.npz,convince,48,train
outputs/wlasl_features/features/train_cool_13199.npz,cool,56,train
outputs/wlasl_features/features/train_cool_13200.npz,cool,23,train
outputs/wlasl_features/features/train_cool_13201.npz,cool,91,train
outputs/wlasl_features/features/train_cool_13202.npz,cool,76,train
outputs/wlasl_features/features/train_cool_13208.npz,cool,57,train
outputs/wlasl_features/features/train_cool_13209.npz,cool,67,train
outputs/wlasl_features/features/train_cool_13213.npz,cool,55,train
outputs/wlasl_features/features/train_cool_13216.npz,cool,71,train
outputs/wlasl_features/features/train_cool_13217.npz,cool,74,train
outputs/wlasl_features/features/train_cool_65403.npz,cool,74,train
outputs/wlasl_features/features/train_cool_69281.npz,cool,77,train
outputs/wlasl_features/features/train_corn_13323.npz,corn,57,train
outputs/wlasl_features/features/train_corn_13326.npz,corn,90,train
outputs/wlasl_features/features/train_corn_13327.npz,corn,86,train
outputs/wlasl_features/features/train_corn_13328.npz,corn,33,train
outputs/wlasl_features/features/train_corn_13329.npz,corn,86,train
outputs/wlasl_features/features/train_corn_13333.npz,corn,32,train
outputs/wlasl_features/features/train_corn_13337.npz,corn,80,train
outputs/wlasl_features/features/train_corn_65408.npz,corn,63,train
outputs/wlasl_features/features/train_corn_65409.npz,corn,54,train
outputs/wlasl_features/features/train_corn_69282.npz,corn,86,train
outputs/wlasl_features/features/train_cousin_13630.npz,cousin,96,train
outputs/wlasl_features/features/train_cousin_13631.npz,cousin,71,train
outputs/wlasl_features/features/train_cousin_13632.npz,cousin,71,train
outputs/wlasl_features/features/train_cousin_13636.npz,cousin,96,train
outputs/wlasl_features/features/train_cousin_13640.npz,cousin,59,train
outputs/wlasl_features/features/train_cousin_13642.npz,cousin,39,train
outputs/wlasl_features/features/train_cousin_13646.npz,cousin,72,train
outputs/wlasl_features/features/train_cousin_13647.npz,cousin,79,train
outputs/wlasl_features/features/train_cousin_13648.npz,cousin,70,train
outputs/wlasl_features/features/train_cry_14174.npz,cry,87,train
outputs/wlasl_features/features/train_cry_14175.npz,cry,50,train
outputs/wlasl_features/features/train_cry_14176.npz,cry,31,train
outputs/wlasl_features/features/train_cry_14180.npz,cry,32,train
outputs/wlasl_features/features/train_cry_14182.npz,cry,32,train
outputs/wlasl_features/features/train_cry_14183.npz,cry,25,train
outputs/wlasl_features/features/train_cry_14188.npz,cry,89,train
outputs/wlasl_features/features/train_dark_14671.npz,dark,90,train
outputs/wlasl_features/features/train_dark_14674.npz,dark,36,train
outputs/wlasl_features/features/train_dark_14675.npz,dark,78,train
outputs/wlasl_features/features/train_dark_14676.npz,dark,83,train
outputs/wlasl_features/features/train_dark_14680.npz,dark,35,train
outputs/wlasl_features/features/train_dark_14681.npz,dark,50,train
outputs/wlasl_features/features/train_dark_65439.npz,dark,60,train
outputs/wlasl_features/features/train_dark_65440.npz,dark,62,train
outputs/wlasl_features/features/train_dark_69290.npz,dark,69,train
outputs/wlasl_features/features/train_daughter_14749.npz,daughter,76,train
outputs/wlasl_features/features/train_daughter_14751.npz,daughter,64,train
outputs/wlasl_features/features/train_daughter_14752.npz,daughter,46,train
outputs/wlasl_features/features/train_daughter_14753.npz,daughter,85,train
outputs/wlasl_features/features/train_daughter_14755.npz,daughter,30,train
outputs/wlasl_features/features/train_daughter_14757.npz,daughter,42,train
outputs/wlasl_features/features/train_daughter_14760.npz,daughter,88,train
outputs/wlasl_features/features/train_deaf_14882.npz,deaf,96,train
outputs/wlasl_features/features/train_deaf_14884.npz,deaf,38,train
outputs/wlasl_features/features/train_deaf_14885.npz,deaf,26,train
outputs/wlasl_features/features/train_deaf_14886.npz,deaf,38,train
outputs/wlasl_features/features/train_deaf_14893.npz,deaf,43,train
outputs/wlasl_features/features/train_deaf_14894.npz,deaf,39,train
outputs/wlasl_features/features/train_deaf_65445.npz,deaf,52,train
outputs/wlasl_features/features/train_delay_15319.npz,delay,63,train
outputs/wlasl_features/features/train_delay_15322.npz,delay,26,train
outputs/wlasl_features/features/train_delay_15323.npz,delay,96,train
outputs/wlasl_features/features/train_delay_15325.npz,delay,48,train
outputs/wlasl_features/features/train_delay_15327.npz,delay,45,train
outputs/wlasl_features/features/train_delay_15328.npz,delay,39,train
outputs/wlasl_features/features/train_delay_15330.npz,delay,44,train
outputs/wlasl_features/features/train_delicious_15361.npz,delicious,96,train
outputs/wlasl_features/features/train_delicious_15362.npz,delicious,70,train
outputs/wlasl_features/features/train_delicious_15363.npz,delicious,38,train
outputs/wlasl_features/features/train_delicious_15364.npz,delicious,32,train
outputs/wlasl_features/features/train_delicious_15365.npz,delicious,28,train
outputs/wlasl_features/features/train_delicious_15369.npz,delicious,42,train
outputs/wlasl_features/features/train_delicious_15370.npz,delicious,49,train
outputs/wlasl_features/features/train_delicious_65457.npz,delicious,62,train
outputs/wlasl_features/features/train_doctor_17013.npz,doctor,74,train
outputs/wlasl_features/features/train_doctor_17014.npz,doctor,88,train
outputs/wlasl_features/features/train_doctor_17015.npz,doctor,96,train
outputs/wlasl_features/features/train_doctor_17017.npz,doctor,85,train
outputs/wlasl_features/features/train_doctor_17019.npz,doctor,47,train
outputs/wlasl_features/features/train_doctor_17026.npz,doctor,96,train
outputs/wlasl_features/features/train_doctor_65503.npz,doctor,48,train
outputs/wlasl_features/features/train_doctor_65504.npz,doctor,48,train
outputs/wlasl_features/features/train_dog_17084.npz,dog,58,train
outputs/wlasl_features/features/train_dog_17085.npz,dog,77,train
outputs/wlasl_features/features/train_dog_17086.npz,dog,68,train
outputs/wlasl_features/features/train_dog_17087.npz,dog,96,train
outputs/wlasl_features/features/train_dog_17090.npz,dog,51,train
outputs/wlasl_features/features/train_dog_17091.npz,dog,46,train
outputs/wlasl_features/features/train_dog_65507.npz,dog,57,train
outputs/wlasl_features/features/train_dog_69298.npz,dog,81,train
outputs/wlasl_features/features/train_drink_17709.npz,drink,96,train
outputs/wlasl_features/features/train_drink_17710.npz,drink,70,train
outputs/wlasl_features/features/train_drink_17711.npz,drink,81,train
outputs/wlasl_features/features/train_drink_17712.npz,drink,43,train
outputs/wlasl_features/features/train_drink_17720.npz,drink,40,train
outputs/wlasl_features/features/train_drink_17721.npz,drink,48,train
outputs/wlasl_features/features/train_drink_17722.npz,drink,48,train
outputs/wlasl_features/features/train_drink_17723.npz,drink,59,train
outputs/wlasl_features/features/train_drink_17733.npz,drink,93,train
outputs/wlasl_features/features/train_drink_65539.npz,drink,44,train
outputs/wlasl_features/features/train_drink_65540.npz,drink,46,train
outputs/wlasl_features/features/train_environment_19406.npz,environment,96,train
outputs/wlasl_features/features/train_environment_19407.npz,environment,65,train
outputs/wlasl_features/features/train_environment_19408.npz,environment,96,train
outputs/wlasl_features/features/train_environment_19411.npz,environment,54,train
outputs/wlasl_features/features/train_environment_19412.npz,environment,78,train
outputs/wlasl_features/features/train_environment_19414.npz,environment,32,train
outputs/wlasl_features/features/train_environment_19418.npz,environment,89,train
outputs/wlasl_features/features/train_environment_65638.npz,environment,57,train
outputs/wlasl_features/features/train_environment_65639.npz,environment,49,train
outputs/wlasl_features/features/train_example_20066.npz,example,65,train
outputs/wlasl_features/features/train_example_20068.npz,example,30,train
outputs/wlasl_features/features/train_example_20070.npz,example,39,train
outputs/wlasl_features/features/train_example_20071.npz,example,35,train
outputs/wlasl_features/features/train_example_20072.npz,example,68,train
outputs/wlasl_features/features/train_example_20074.npz,example,47,train
outputs/wlasl_features/features/train_example_65652.npz,example,82,train
outputs/wlasl_features/features/train_example_65654.npz,example,78,train
outputs/wlasl_features/features/train_family_20978.npz,family,96,train
outputs/wlasl_features/features/train_family_20979.npz,family,81,train
outputs/wlasl_features/features/train_family_20980.npz,family,83,train
outputs/wlasl_features/features/train_family_20981.npz,family,78,train
outputs/wlasl_features/features/train_family_20982.npz,family,36,train
outputs/wlasl_features/features/train_family_20983.npz,family,88,train
outputs/wlasl_features/features/train_family_20986.npz,family,60,train
outputs/wlasl_features/features/train_family_20987.npz,family,41,train
outputs/wlasl_features/features/train_family_20992.npz,family,83,train
outputs/wlasl_features/features/train_family_65677.npz,family,68,train
outputs/wlasl_features/features/train_far_21069.npz,far,80,train
outputs/wlasl_features/features/train_far_21071.npz,far,36,train
outputs/wlasl_features/features/train_far_21072.npz,far,68,train
outputs/wlasl_features/features/train_far_21073.npz,far,44,train
outputs/wlasl_features/features/train_far_21074.npz,far,33,train
outputs/wlasl_features/features/train_far_21075.npz,far,72,train
outputs/wlasl_features/features/train_far_21077.npz,far,76,train
outputs/wlasl_features/features/train_fat_21231.npz,fat,77,train
outputs/wlasl_features/features/train_fat_21233.npz,fat,89,train
outputs/wlasl_features/features/train_fat_21234.npz,fat,27,train
outputs/wlasl_features/features/train_fat_21236.npz,fat,68,train
outputs/wlasl_features/features/train_fat_21237.npz,fat,96,train
outputs/wlasl_features/features/train_fat_21242.npz,fat,49,train
outputs/wlasl_features/features/train_fat_21243.npz,fat,44,train
outputs/wlasl_features/features/train_fish_22115.npz,fish,61,train
outputs/wlasl_features/features/train_fish_22116.npz,fish,30,train
outputs/wlasl_features/features/train_fish_22120.npz,fish,33,train
outputs/wlasl_features/features/train_fish_22121.npz,fish,50,train
outputs/wlasl_features/features/train_fish_22130.npz,fish,85,train
outputs/wlasl_features/features/train_fish_65731.npz,fish,43,train
outputs/wlasl_features/features/train_fish_69325.npz,fish,94,train
outputs/wlasl_features/features/train_full_23766.npz,full,76,train
outputs/wlasl_features/features/train_full_23768.npz,full,26,train
outputs/wlasl_features/features/train_full_23769.npz,full,96,train
outputs/wlasl_features/features/train_full_23771.npz,full,92,train
outputs/wlasl_features/features/train_full_23774.npz,full,56,train
outputs/wlasl_features/features/train_full_23782.npz,full,73,train
outputs/wlasl_features/features/train_give_24638.npz,give,30,train
outputs/wlasl_features/features/train_give_24640.npz,give,35,train
outputs/wlasl_features/features/train_give_24648.npz,give,39,train
outputs/wlasl_features/features/train_give_24651.npz,give,28,train
outputs/wlasl_features/features/train_give_24660.npz,give,70,train
outputs/wlasl_features/features/train_give_69343.npz,give,92,train
outputs/wlasl_features/features/train_go_24940.npz,go,88,train
outputs/wlasl_features/features/train_go_24941.npz,go,66,train
outputs/wlasl_features/features/train_go_24943.npz,go,61,train
outputs/wlasl_features/features/train_go_24947.npz,go,63,train
outputs/wlasl_features/features/train_go_24954.npz,go,60,train
outputs/wlasl_features/features/train_go_24955.npz,go,60,train
outputs/wlasl_features/features/train_go_24956.npz,go,45,train
outputs/wlasl_features/features/train_go_24961.npz,go,45,train
outputs/wlasl_features/features/train_go_24962.npz,go,42,train
outputs/wlasl_features/features/train_go_24973.npz,go,96,train
outputs/wlasl_features/features/train_go_65824.npz,go,41,train
outputs/wlasl_features/features/train_good_25066.npz,good,58,train
outputs/wlasl_features/features/train_good_25067.npz,good,74,train
outputs/wlasl_features/features/train_good_25068.npz,good,60,train
outputs/wlasl_features/features/train_good_25069.npz,good,21,train
outputs/wlasl_features/features/train_good_25073.npz,good,34,train
outputs/wlasl_features/features/train_good_25076.npz,good,86,train
outputs/wlasl_features/features/train_good_69347.npz,good,50,train
outputs/wlasl_features/features/train_government_25241.npz,government,96,train
outputs/wlasl_features/features/train_government_25242.npz,government,74,train
outputs/wlasl_features/features/train_government_25243.npz,government,96,train
outputs/wlasl_features/features/train_government_25244.npz,government,40,train
outputs/wlasl_features/features/train_government_25245.npz,government,44,train
outputs/wlasl_features/features/train_government_25247.npz,government,70,train
outputs/wlasl_features/features/train_government_25250.npz,government,45,train
outputs/wlasl_features/features/train_government_65840.npz,government,43,train
outputs/wlasl_features/features/train_graduate_25321.npz,graduate,92,train
outputs/wlasl_features/features/train_graduate_25322.npz,graduate,57,train
outputs/wlasl_features/features/train_graduate_25323.npz,graduate,31,train
outputs/wlasl_features/features/train_graduate_25324.npz,graduate,32,train
outputs/wlasl_features/features/train_graduate_25325.npz,graduate,32,train
outputs/wlasl_features/features/train_graduate_25326.npz,graduate,64,train
outputs/wlasl_features/features/train_graduate_25329.npz,graduate,49,train
outputs/wlasl_features/features/train_graduate_25339.npz,graduate,87,train
outputs/wlasl_features/features/train_help_27206.npz,help,71,train
outputs/wlasl_features/features/train_help_27207.npz,help,58,train
outputs/wlasl_features/features/train_help_27208.npz,help,68,train
outputs/wlasl_features/features/train_help_27214.npz,help,53,train
outputs/wlasl_features/features/train_help_27215.npz,help,30,train
outputs/wlasl_features/features/train_help_27216.npz,help,53,train
outputs/wlasl_features/features/train_help_27217.npz,help,63,train
outputs/wlasl_features/features/train_help_27221.npz,help,77,train
outputs/wlasl_features/features/train_help_65889.npz,help,62,train
outputs/wlasl_features/features/train_help_65890.npz,help,59,train
outputs/wlasl_features/features/train_hot_28107.npz,hot,81,train
outputs/wlasl_features/features/train_hot_28108.npz,hot,69,train
outputs/wlasl_features/features/train_hot_28109.npz,hot,59,train
outputs/wlasl_features/features/train_hot_28110.npz,hot,35,train
outputs/wlasl_features/features/train_hot_28111.npz,hot,35,train
outputs/wlasl_features/features/train_hot_28115.npz,hot,33,train
outputs/wlasl_features/features/train_hot_28116.npz,hot,44,train
outputs/wlasl_features/features/train_hot_28125.npz,hot,71,train
outputs/wlasl_features/features/train_interest_30152.npz,interest,96,train
outputs/wlasl_features/features/train_interest_30154.npz,interest,80,train
outputs/wlasl_features/features/train_interest_30160.npz,interest,35,train
outputs/wlasl_features/features/train_interest_30162.npz,interest,60,train
outputs/wlasl_features/features/train_interest_30166.npz,interest,96,train
outputs/wlasl_features/features/train_interest_30168.npz,interest,96,train
outputs/wlasl_features/features/train_language_32155.npz,language,41,train
outputs/wlasl_features/features/train_language_32158.npz,language,45,train
outputs/wlasl_features/features/train_language_32160.npz,language,96,train
outputs/wlasl_features/features/train_language_32163.npz,language,37,train
outputs/wlasl_features/features/train_language_66007.npz,language,53,train
outputs/wlasl_features/features/train_language_66008.npz,language,60,train
outputs/wlasl_features/features/train_last_32248.npz,last,28,train
outputs/wlasl_features/features/train_last_32249.npz,last,90,train
outputs/wlasl_features/features/train_last_32250.npz,last,57,train
outputs/wlasl_features/features/train_last_32254.npz,last,33,train
outputs/wlasl_features/features/train_last_32257.npz,last,47,train
outputs/wlasl_features/features/train_last_32260.npz,last,94,train
outputs/wlasl_features/features/train_last_32261.npz,last,91,train
outputs/wlasl_features/features/train_last_66010.npz,last,52,train
outputs/wlasl_features/features/train_later_32321.npz,later,29,train
outputs/wlasl_features/features/train_later_32322.npz,later,35,train
outputs/wlasl_features/features/train_later_32324.npz,later,39,train
outputs/wlasl_features/features/train_later_32326.npz,later,96,train
outputs/wlasl_features/features/train_later_32333.npz,later,37,train
outputs/wlasl_features/features/train_later_32337.npz,later,96,train
outputs/wlasl_features/features/train_later_32338.npz,later,96,train
outputs/wlasl_features/features/train_later_66014.npz,later,60,train
outputs/wlasl_features/features/train_laugh_32377.npz,laugh,96,train
outputs/wlasl_features/features/train_laugh_32381.npz,laugh,31,train
outputs/wlasl_features/features/train_laugh_32382.npz,laugh,35,train
outputs/wlasl_features/features/train_laugh_32383.npz,laugh,34,train
outputs/wlasl_features/features/train_laugh_32388.npz,laugh,49,train
outputs/wlasl_features/features/train_laugh_66016.npz,laugh,64,train
outputs/wlasl_features/features/train_leave_32657.npz,leave,32,train
outputs/wlasl_features/features/train_leave_32658.npz,leave,47,train
outputs/wlasl_features/features/train_leave_32659.npz,leave,32,train
outputs/wlasl_features/features/train_leave_32661.npz,leave,96,train
outputs/wlasl_features/features/train_leave_32667.npz,leave,33,train
outputs/wlasl_features/features/train_leave_32669.npz,leave,42,train
outputs/wlasl_features/features/train_leave_32677.npz,leave,82,train
outputs/wlasl_features/features/train_letter_32945.npz,letter,67,train
outputs/wlasl_features/features/train_letter_32946.npz,letter,82,train
outputs/wlasl_features/features/train_letter_32947.npz,letter,30,train
outputs/wlasl_features/features/train_letter_32949.npz,letter,96,train
outputs/wlasl_features/features/train_letter_32953.npz,letter,33,train
outputs/wlasl_features/features/train_letter_32954.npz,letter,34,train
outputs/wlasl_features/features/train_letter_32955.npz,letter,31,train
outputs/wlasl_features/features/train_letter_32959.npz,letter,82,train
outputs/wlasl_features/features/train_letter_66038.npz,letter,59,train
outputs/wlasl_features/features/train_like_33266.npz,like,64,train
outputs/wlasl_features/features/train_like_33267.npz,like,75,train
outputs/wlasl_features/features/train_like_33269.npz,like,72,train
outputs/wlasl_features/features/train_like_33273.npz,like,36,train
outputs/wlasl_features/features/train_like_33274.npz,like,30,train
outputs/wlasl_features/features/train_like_33285.npz,like,96,train
outputs/wlasl_features/features/train_man_34732.npz,man,72,train
outputs/wlasl_features/features/train_man_34733.npz,man,87,train
outputs/wlasl_features/features/train_man_34734.npz,man,96,train
outputs/wlasl_features/features/train_man_34736.npz,man,31,train
outputs/wlasl_features/features/train_man_34737.npz,man,34,train
outputs/wlasl_features/features/train_man_34738.npz,man,96,train
outputs/wlasl_features/features/train_man_34742.npz,man,25,train
outputs/wlasl_features/features/train_man_34746.npz,man,81,train
outputs/wlasl_features/features/train_man_66098.npz,man,69,train
outputs/wlasl_features/features/train_man_66099.npz,man,60,train
outputs/wlasl_features/features/train_many_34823.npz,many,71,train
outputs/wlasl_features/features/train_many_34824.npz,many,67,train
outputs/wlasl_features/features/train_many_34825.npz,many,42,train
outputs/wlasl_features/features/train_many_34826.npz,many,35,train
outputs/wlasl_features/features/train_many_34827.npz,many,81,train
outputs/wlasl_features/features/train_many_34830.npz,many,29,train
outputs/wlasl_features/features/train_many_34831.npz,many,46,train
outputs/wlasl_features/features/train_many_34832.npz,many,41,train
outputs/wlasl_features/features/train_many_34839.npz,many,86,train
outputs/wlasl_features/features/train_mother_36929.npz,mother,61,train
outputs/wlasl_features/features/train_mother_36930.npz,mother,68,train
outputs/wlasl_features/features/train_mother_36931.npz,mother,82,train
outputs/wlasl_features/features/train_mother_36932.npz,mother,75,train
outputs/wlasl_features/features/train_mother_36933.npz,mother,74,train
outputs/wlasl_features/features/train_mother_36936.npz,mother,38,train
outputs/wlasl_features/features/train_mother_36937.npz,mother,45,train
outputs/wlasl_features/features/train_mother_36946.npz,mother,94,train
outputs/wlasl_features/features/train_mother_66146.npz,mother,61,train
outputs/wlasl_features/features/train_mother_66147.npz,mother,66,train
outputs/wlasl_features/features/train_move_37087.npz,move,38,train
outputs/wlasl_features/features/train_move_37089.npz,move,94,train
outputs/wlasl_features/features/train_move_37093.npz,move,51,train
outputs/wlasl_features/features/train_move_37094.npz,move,44,train
outputs/wlasl_features/features/train_move_37098.npz,move,44,train
outputs/wlasl_features/features/train_move_37102.npz,move,81,train
outputs/wlasl_features/features/train_move_66151.npz,move,59,train
outputs/wlasl_features/features/train_no_38524.npz,no,80,train
outputs/wlasl_features/features/train_no_38527.npz,no,46,train
outputs/wlasl_features/features/train_no_38529.npz,no,96,train
outputs/wlasl_features/features/train_no_38530.npz,no,53,train
outputs/wlasl_features/features/train_no_38532.npz,no,44,train
outputs/wlasl_features/features/train_no_38534.npz,no,53,train
outputs/wlasl_features/features/train_no_38544.npz,no,83,train
outputs/wlasl_features/features/train_no_66183.npz,no,68,train
outputs/wlasl_features/features/train_orange_40115.npz,orange,84,train
outputs/wlasl_features/features/train_orange_40116.npz,orange,79,train
outputs/wlasl_features/features/train_orange_40117.npz,orange,38,train
outputs/wlasl_features/features/train_orange_40119.npz,orange,88,train
outputs/wlasl_features/features/train_orange_40121.npz,orange,41,train
outputs/wlasl_features/features/train_orange_40129.npz,orange,91,train
outputs/wlasl_features/features/train_orange_40130.npz,orange,91,train
outputs/wlasl_features/features/train_orange_66246.npz,orange,64,train
outputs/wlasl_features/features/train_order_40169.npz,order,61,train
outputs/wlasl_features/features/train_order_40171.npz,order,91,train
outputs/wlasl_features/features/train_order_40172.npz,order,90,train
outputs/wlasl_features/features/train_order_40177.npz,order,35,train
outputs/wlasl_features/features/train_order_40178.npz,order,53,train
outputs/wlasl_features/features/train_order_40179.npz,order,55,train
outputs/wlasl_features/features/train_perspective_42243.npz,perspective,96,train
outputs/wlasl_features/features/train_perspective_42245.npz,perspective,96,train
outputs/wlasl_features/features/train_perspective_42246.npz,perspective,43,train
outputs/wlasl_features/features/train_perspective_42247.npz,perspective,43,train
outputs/wlasl_features/features/train_perspective_42251.npz,perspective,82,train
outputs/wlasl_features/features/train_perspective_42252.npz,perspective,40,train
outputs/wlasl_features/features/train_perspective_42253.npz,perspective,81,train
outputs/wlasl_features/features/train_perspective_66281.npz,perspective,59,train
outputs/wlasl_features/features/train_pizza_42956.npz,pizza,64,train
outputs/wlasl_features/features/train_pizza_42958.npz,pizza,73,train
outputs/wlasl_features/features/train_pizza_42959.npz,pizza,96,train
outputs/wlasl_features/features/train_pizza_42961.npz,pizza,40,train
outputs/wlasl_features/features/train_pizza_42966.npz,pizza,75,train
outputs/wlasl_features/features/train_pizza_42967.npz,pizza,43,train
outputs/wlasl_features/features/train_pizza_42969.npz,pizza,33,train
outputs/wlasl_features/features/train_pizza_66297.npz,pizza,54,train
outputs/wlasl_features/features/train_play_43167.npz,play,72,train
outputs/wlasl_features/features/train_play_43168.npz,play,32,train
outputs/wlasl_features/features/train_play_43169.npz,play,53,train
outputs/wlasl_features/features/train_play_43170.npz,play,88,train
outputs/wlasl_features/features/train_play_43173.npz,play,44,train
outputs/wlasl_features/features/train_play_43174.npz,play,87,train
outputs/wlasl_features/features/train_play_43179.npz,play,78,train
outputs/wlasl_features/features/train_play_43180.npz,play,79,train
outputs/wlasl_features/features/train_ready_46288.npz,ready,77,train
outputs/wlasl_features/features/train_ready_46289.npz,ready,93,train
outputs/wlasl_features/features/train_ready_46291.npz,ready,34,train
outputs/wlasl_features/features/train_ready_46292.npz,ready,77,train
outputs/wlasl_features/features/train_ready_46293.npz,ready,69,train
outputs/wlasl_features/features/train_ready_46296.npz,ready,44,train
outputs/wlasl_features/features/train_ready_46299.npz,ready,28,train
outputs/wlasl_features/features/train_ready_46305.npz,ready,79,train
outputs/wlasl_features/features/train_room_48509.npz,room,74,train
outputs/wlasl_features/features/train_room_48511.npz,room,35,train
outputs/wlasl_features/features/train_room_48513.npz,room,40,train
outputs/wlasl_features/features/train_room_48516.npz,room,51,train
outputs/wlasl_features/features/train_room_48517.npz,room,46,train
outputs/wlasl_features/features/train_room_66415.npz,room,42,train
outputs/wlasl_features/features/train_room_66416.npz,room,44,train
outputs/wlasl_features/features/train_sandwich_49246.npz,sandwich,64,train
outputs/wlasl_features/features/train_sandwich_49247.npz,sandwich,42,train
outputs/wlasl_features/features/train_sandwich_49248.npz,sandwich,85,train
outputs/wlasl_features/features/train_sandwich_49250.npz,sandwich,46,train
outputs/wlasl_features/features/train_sandwich_49252.npz,sandwich,40,train
outputs/wlasl_features/features/train_sandwich_66423.npz,sandwich,51,train
outputs/wlasl_features/features/train_sandwich_66424.npz,sandwich,51,train
outputs/wlasl_features/features/train_score_49692.npz,score,81,train
outputs/wlasl_features/features/train_score_49694.npz,score,96,train
outputs/wlasl_features/features/train_score_49695.npz,score,85,train
outputs/wlasl_features/features/train_score_49697.npz,score,37,train
outputs/wlasl_features/features/train_score_49702.npz,score,40,train
outputs/wlasl_features/features/train_score_49706.npz,score,96,train
outputs/wlasl_features/features/train_score_66434.npz,score,48,train
outputs/wlasl_features/features/train_secretary_50037.npz,secretary,96,train
outputs/wlasl_features/features/train_secretary_50038.npz,secretary,95,train
outputs/wlasl_features/features/train_secretary_50039.npz,secretary,36,train
outputs/wlasl_features/features/train_secretary_50040.npz,secretary,36,train
outputs/wlasl_features/features/train_secretary_50044.npz,secretary,26,train
outputs/wlasl_features/features/train_secretary_50045.npz,secretary,74,train
outputs/wlasl_features/features/train_secretary_50046.npz,secretary,35,train
outputs/wlasl_features/features/train_secretary_66441.npz,secretary,46,train
outputs/wlasl_features/features/train_shirt_51056.npz,shirt,96,train
outputs/wlasl_features/features/train_shirt_51057.npz,shirt,96,train
outputs/wlasl_features/features/train_shirt_51058.npz,shirt,95,train
outputs/wlasl_features/features/train_shirt_51059.npz,shirt,96,train
outputs/wlasl_features/features/train_shirt_51060.npz,shirt,39,train
outputs/wlasl_features/features/train_shirt_51061.npz,shirt,77,train
outputs/wlasl_features/features/train_shirt_51063.npz,shirt,74,train
outputs/wlasl_features/features/train_shirt_51064.npz,shirt,96,train
outputs/wlasl_features/features/train_short_51221.npz,short,96,train
outputs/wlasl_features/features/train_short_51223.npz,short,33,train
outputs/wlasl_features/features/train_short_51225.npz,short,95,train
outputs/wlasl_features/features/train_short_51226.npz,short,77,train
outputs/wlasl_features/features/train_short_51231.npz,short,44,train
outputs/wlasl_features/features/train_short_51232.npz,short,33,train
outputs/wlasl_features/features/train_short_51235.npz,short,91,train
outputs/wlasl_features/features/train_short_51236.npz,short,96,train
outputs/wlasl_features/features/train_short_66469.npz,short,38,train
outputs/wlasl_features/features/train_silly_51706.npz,silly,85,train
outputs/wlasl_features/features/train_silly_51708.npz,silly,52,train
outputs/wlasl_features/features/train_silly_51709.npz,silly,54,train
outputs/wlasl_features/features/train_silly_51712.npz,silly,96,train
outputs/wlasl_features/features/train_silly_51713.npz,silly,96,train
outputs/wlasl_features/features/train_silly_66481.npz,silly,66,train
outputs/wlasl_features/features/train_snow_52858.npz,snow,56,train
outputs/wlasl_features/features/train_snow_52859.npz,snow,28,train
outputs/wlasl_features/features/train_snow_52860.npz,snow,96,train
outputs/wlasl_features/features/train_snow_52862.npz,snow,80,train
outputs/wlasl_features/features/train_snow_52867.npz,snow,81,train
outputs/wlasl_features/features/train_snow_66518.npz,snow,61,train
outputs/wlasl_features/features/train_snow_66519.npz,snow,53,train
outputs/wlasl_features/features/train_son_53268.npz,son,75,train
outputs/wlasl_features/features/train_son_53270.npz,son,46,train
outputs/wlasl_features/features/train_son_53271.npz,son,86,train
outputs/wlasl_features/features/train_son_53273.npz,son,33,train
outputs/wlasl_features/features/train_son_53275.npz,son,41,train
outputs/wlasl_features/features/train_son_53279.npz,son,80,train
outputs/wlasl_features/features/train_son_66531.npz,son,65,train
outputs/wlasl_features/features/train_son_66532.npz,son,59,train
outputs/wlasl_features/features/train_soon_53293.npz,soon,78,train
outputs/wlasl_features/features/train_soon_53295.npz,soon,44,train
outputs/wlasl_features/features/train_soon_53300.npz,soon,44,train
outputs/wlasl_features/features/train_soon_53301.npz,soon,32,train
outputs/wlasl_features/features/train_soon_53304.npz,soon,82,train
outputs/wlasl_features/features/train_soon_53305.npz,soon,76,train
outputs/wlasl_features/features/train_soon_66534.npz,soon,62,train
outputs/wlasl_features/features/train_speech_53698.npz,speech,37,train
outputs/wlasl_features/features/train_speech_53699.npz,speech,40,train
outputs/wlasl_features/features/train_speech_53706.npz,speech,38,train
outputs/wlasl_features/features/train_speech_53707.npz,speech,66,train
outputs/wlasl_features/features/train_speech_53709.npz,speech,89,train
outputs/wlasl_features/features/train_speech_53710.npz,speech,95,train
outputs/wlasl_features/features/train_study_55361.npz,study,96,train
outputs/wlasl_features/features/train_study_55362.npz,study,96,train
outputs/wlasl_features/features/train_study_55363.npz,study,79,train
outputs/wlasl_features/features/train_study_55364.npz,study,35,train
outputs/wlasl_features/features/train_study_55365.npz,study,96,train
outputs/wlasl_features/features/train_study_55366.npz,study,73,train
outputs/wlasl_features/features/train_study_55368.npz,study,38,train
outputs/wlasl_features/features/train_study_55369.npz,study,96,train
outputs/wlasl_features/features/train_study_66575.npz,study,50,train
outputs/wlasl_features/features/train_sweet_56306.npz,sweet,96,train
outputs/wlasl_features/features/train_sweet_56312.npz,sweet,40,train
outputs/wlasl_features/features/train_sweet_56313.npz,sweet,41,train
outputs/wlasl_features/features/train_sweet_56317.npz,sweet,76,train
outputs/wlasl_features/features/train_sweet_66585.npz,sweet,50,train
outputs/wlasl_features/features/train_sweet_69499.npz,sweet,92,train
outputs/wlasl_features/features/train_take_56692.npz,take,90,train
outputs/wlasl_features/features/train_take_56694.npz,take,73,train
outputs/wlasl_features/features/train_take_56698.npz,take,33,train
outputs/wlasl_features/features/train_take_56699.npz,take,34,train
outputs/wlasl_features/features/train_take_56700.npz,take,29,train
outputs/wlasl_features/features/train_take_56704.npz,take,85,train
outputs/wlasl_features/features/train_take_69500.npz,take,91,train
outputs/wlasl_features/features/train_tall_56837.npz,tall,96,train
outputs/wlasl_features/features/train_tall_56838.npz,tall,96,train
outputs/wlasl_features/features/train_tall_56839.npz,tall,39,train
outputs/wlasl_features/features/train_tall_56841.npz,tall,46,train
outputs/wlasl_features/features/train_tall_56842.npz,tall,43,train
outputs/wlasl_features/features/train_tall_56844.npz,tall,96,train
outputs/wlasl_features/features/train_tall_56846.npz,tall,41,train
outputs/wlasl_features/features/train_tall_56848.npz,tall,35,train
outputs/wlasl_features/features/train_tall_56852.npz,tall,84,train
outputs/wlasl_features/features/train_tall_66592.npz,tall,66,train
outputs/wlasl_features/features/train_tell_57276.npz,tell,94,train
outputs/wlasl_features/features/train_tell_57277.npz,tell,38,train
outputs/wlasl_features/features/train_tell_57283.npz,tell,56,train
outputs/wlasl_features/features/train_tell_57284.npz,tell,44,train
outputs/wlasl_features/features/train_tell_57286.npz,tell,40,train
outputs/wlasl_features/features/train_tell_57287.npz,tell,40,train
outputs/wlasl_features/features/train_tell_57291.npz,tell,82,train
outputs/wlasl_features/features/train_thanksgiving_57630.npz,thanksgiving,67,train
outputs/wlasl_features/features/train_thanksgiving_57631.npz,thanksgiving,68,train
outputs/wlasl_features/features/train_thanksgiving_57632.npz,thanksgiving,20,train
outputs/wlasl_features/features/train_thanksgiving_57633.npz,thanksgiving,87,train
outputs/wlasl_features/features/train_thanksgiving_57634.npz,thanksgiving,58,train
outputs/wlasl_features/features/train_thanksgiving_57635.npz,thanksgiving,84,train
outputs/wlasl_features/features/train_thanksgiving_57638.npz,thanksgiving,58,train
outputs/wlasl_features/features/train_thanksgiving_57641.npz,thanksgiving,29,train
outputs/wlasl_features/features/train_thanksgiving_57647.npz,thanksgiving,83,train
outputs/wlasl_features/features/train_theory_57782.npz,theory,96,train
outputs/wlasl_features/features/train_theory_57783.npz,theory,96,train
outputs/wlasl_features/features/train_theory_57784.npz,theory,43,train
outputs/wlasl_features/features/train_theory_57785.npz,theory,72,train
outputs/wlasl_features/features/train_theory_57788.npz,theory,50,train
outputs/wlasl_features/features/train_theory_57789.npz,theory,56,train
outputs/wlasl_features/features/train_theory_57791.npz,theory,34,train
outputs/wlasl_features/features/train_theory_66603.npz,theory,58,train
outputs/wlasl_features/features/train_theory_66604.npz,theory,96,train
outputs/wlasl_features/features/train_thin_57934.npz,thin,90,train
outputs/wlasl_features/features/train_thin_57935.npz,thin,90,train
outputs/wlasl_features/features/train_thin_57936.npz,thin,29,train
outputs/wlasl_features/features/train_thin_57937.npz,thin,31,train
outputs/wlasl_features/features/train_thin_57939.npz,thin,37,train
outputs/wlasl_features/features/train_thin_57940.npz,thin,30,train
outputs/wlasl_features/features/train_thin_57942.npz,thin,73,train
outputs/wlasl_features/features/train_thin_57947.npz,thin,46,train
outputs/wlasl_features/features/train_thin_57949.npz,thin,53,train
outputs/wlasl_features/features/train_thin_57953.npz,thin,87,train
outputs/wlasl_features/features/train_thin_66606.npz,thin,62,train
outputs/wlasl_features/features/train_thursday_58360.npz,thursday,83,train
outputs/wlasl_features/features/train_thursday_58361.npz,thursday,86,train
outputs/wlasl_features/features/train_thursday_58362.npz,thursday,58,train
outputs/wlasl_features/features/train_thursday_58363.npz,thursday,68,train
outputs/wlasl_features/features/train_thursday_58366.npz,thursday,37,train
outputs/wlasl_features/features/train_thursday_66637.npz,thursday,69,train
outputs/wlasl_features/features/train_thursday_66638.npz,thursday,74,train
outputs/wlasl_features/features/train_thursday_66639.npz,thursday,61,train
outputs/wlasl_features/features/train_thursday_66640.npz,thursday,56,train
outputs/wlasl_features/features/train_toast_58651.npz,toast,37,train
outputs/wlasl_features/features/train_toast_58652.npz,toast,35,train
outputs/wlasl_features/features/train_toast_58653.npz,toast,80,train
outputs/wlasl_features/features/train_toast_58655.npz,toast,96,train
outputs/wlasl_features/features/train_toast_58657.npz,toast,51,train
outputs/wlasl_features/features/train_trade_59204.npz,trade,96,train
outputs/wlasl_features/features/train_trade_59205.npz,trade,96,train
outputs/wlasl_features/features/train_trade_59207.npz,trade,29,train
outputs/wlasl_features/features/train_trade_59208.npz,trade,33,train
outputs/wlasl_features/features/train_trade_59209.npz,trade,49,train
outputs/wlasl_features/features/train_trade_59211.npz,trade,41,train
outputs/wlasl_features/features/train_trade_59214.npz,trade,47,train
outputs/wlasl_features/features/train_trade_59215.npz,trade,55,train
outputs/wlasl_features/features/train_trade_59216.npz,trade,62,train
outputs/wlasl_features/features/train_trade_59219.npz,trade,96,train
outputs/wlasl_features/features/train_wait_62097.npz,wait,94,train
outputs/wlasl_features/features/train_wait_62098.npz,wait,83,train
outputs/wlasl_features/features/train_wait_62100.npz,wait,96,train
outputs/wlasl_features/features/train_wait_62101.npz,wait,31,train
outputs/wlasl_features/features/train_wait_62103.npz,wait,90,train
outputs/wlasl_features/features/train_wait_62106.npz,wait,46,train
outputs/wlasl_features/features/train_wait_62107.npz,wait,71,train
outputs/wlasl_features/features/train_wait_66740.npz,wait,64,train
outputs/wlasl_features/features/train_walk_62159.npz,walk,87,train
outputs/wlasl_features/features/train_walk_62163.npz,walk,34,train
outputs/wlasl_features/features/train_walk_62164.npz,walk,81,train
outputs/wlasl_features/features/train_walk_62168.npz,walk,70,train
outputs/wlasl_features/features/train_walk_62169.npz,walk,63,train
outputs/wlasl_features/features/train_walk_62170.npz,walk,41,train
outputs/wlasl_features/features/train_walk_62175.npz,walk,96,train
outputs/wlasl_features/features/train_walk_66742.npz,walk,66,train
outputs/wlasl_features/features/train_walk_66743.npz,walk,53,train
outputs/wlasl_features/features/train_what_62964.npz,what,91,train
outputs/wlasl_features/features/train_what_62966.npz,what,25,train
outputs/wlasl_features/features/train_what_62968.npz,what,43,train
outputs/wlasl_features/features/train_what_62970.npz,what,88,train
outputs/wlasl_features/features/train_what_62979.npz,what,37,train
outputs/wlasl_features/features/train_what_66769.npz,what,47,train
outputs/wlasl_features/features/train_white_63200.npz,white,96,train
outputs/wlasl_features/features/train_white_63202.npz,white,72,train
outputs/wlasl_features/features/train_white_63203.npz,white,35,train
outputs/wlasl_features/features/train_white_63204.npz,white,37,train
outputs/wlasl_features/features/train_white_63205.npz,white,79,train
outputs/wlasl_features/features/train_white_63207.npz,white,23,train
outputs/wlasl_features/features/train_white_63208.npz,white,37,train
outputs/wlasl_features/features/train_white_63214.npz,white,72,train
outputs/wlasl_features/features/train_who_63225.npz,who,96,train
outputs/wlasl_features/features/train_who_63227.npz,who,36,train
outputs/wlasl_features/features/train_who_63228.npz,who,40,train
outputs/wlasl_features/features/train_who_63231.npz,who,93,train
outputs/wlasl_features/features/train_who_63232.npz,who,96,train
outputs/wlasl_features/features/train_who_63236.npz,who,45,train
outputs/wlasl_features/features/train_who_63242.npz,who,86,train
outputs/wlasl_features/features/train_who_66778.npz,who,58,train
outputs/wlasl_features/features/train_who_66779.npz,who,54,train
outputs/wlasl_features/features/train_who_69534.npz,who,63,train
outputs/wlasl_features/features/train_why_63280.npz,why,96,train
outputs/wlasl_features/features/train_why_63281.npz,why,74,train
outputs/wlasl_features/features/train_why_63282.npz,why,27,train
outputs/wlasl_features/features/train_why_63283.npz,why,47,train
outputs/wlasl_features/features/train_why_63284.npz,why,53,train
outputs/wlasl_features/features/train_why_63287.npz,why,26,train
outputs/wlasl_features/features/train_why_63288.npz,why,35,train
outputs/wlasl_features/features/train_why_63292.npz,why,72,train
outputs/wlasl_features/features/train_why_66781.npz,why,51,train
outputs/wlasl_features/features/train_woman_63665.npz,woman,72,train
outputs/wlasl_features/features/train_woman_63666.npz,woman,70,train
outputs/wlasl_features/features/train_woman_63667.npz,woman,26,train
outputs/wlasl_features/features/train_woman_63668.npz,woman,32,train
outputs/wlasl_features/features/train_woman_63672.npz,woman,29,train
outputs/wlasl_features/features/train_woman_63673.npz,woman,42,train
outputs/wlasl_features/features/train_woman_63679.npz,woman,69,train
outputs/wlasl_features/features/train_woman_66798.npz,woman,49,train
outputs/wlasl_features/features/train_woman_66799.npz,woman,55,train
outputs/wlasl_features/features/train_yes_64280.npz,yes,63,train
outputs/wlasl_features/features/train_yes_64281.npz,yes,71,train
outputs/wlasl_features/features/train_yes_64283.npz,yes,22,train
outputs/wlasl_features/features/train_yes_64284.npz,yes,56,train
outputs/wlasl_features/features/train_yes_64288.npz,yes,54,train
outputs/wlasl_features/features/train_yes_64291.npz,yes,55,train
outputs/wlasl_features/features/train_yes_64292.npz,yes,47,train
outputs/wlasl_features/features/train_yes_64300.npz,yes,90,train
outputs/wlasl_features/features/train_yes_66820.npz,yes,47,train
